mapIdHex,mapId,nameJa,callOffset,stringRelativeOffset,stringOffset
0x0001,1,デバッグフロア,40,27,6187
0x4E20,20000,ベッドテスト,52,42,6202
0x0003,3,モンスターモデファイ,64,55,6215
0x4E1F,19999,エンカウントテストよう,76,76,6236
0x4E21,20001,ウォルロ地方,88,99,6259
0x4E4B,20043,ウォルロ地方,100,99,6259
0x4E85,20101,ウォルロ地方,112,99,6259
0x4E86,20102,ウォルロ地方,124,99,6259
0x4E22,20002,西セントシュタイン,136,112,6272
0x4E5F,20063,エラフィタ地方,148,131,6291
0x4E23,20003,エラフィタ地方,160,131,6291
0x4E24,20004,ほろびのもり,172,146,6306
0x4E25,20005,東ベクセリア地方,184,159,6319
0x4E26,20006,西ベクセリア地方,196,176,6336
0x4E4D,20045,西ベクセリア地方,208,176,6336
0x4E57,20055,西ベクセリア地方,220,176,6336
0x4E46,20038,東セントシュタイン,232,193,6353
0x4E4C,20044,東セントシュタイン,244,193,6353
0x4E27,20007,アユルダーマとう,256,212,6372
0x4E49,20041,アユルダーマとう,268,212,6372
0x4EEF,20207,アユルダーマとう,280,212,6372
0x4E5E,20062,アユルダーマとう,292,212,6372
0x4E29,20009,ベレンのきしべ,304,229,6389
0x4E2A,20010,サンマロウ地方,316,244,6404
0x4E56,20054,サンマロウ地方,328,244,6404
0x4E8F,20111,サンマロウ地方,340,244,6404
0x4E2B,20011,カラコタ地方,352,259,6419
0x4E2C,20012,ビタリへいげん,364,272,6432
0x4E48,20040,ビタリかいがん,376,287,6447
0x4E58,20056,ビタリかいがん,388,287,6447
0x4E2F,20015,グビアナさばく,400,302,6462
0x4E4A,20042,グビアナさばく,412,302,6462
0x4E4E,20046,グビアナさばく,424,302,6462
0x4E30,20016,アシュバル地方,436,317,6477
0x4E4F,20047,アシュバル地方,448,317,6477
0x4E59,20057,アシュバル地方,460,317,6477
0x4E31,20017,あめのしま,472,332,6492
0x4E5A,20058,あめのしま,484,332,6492
0x4E32,20018,エルマニオンせつげん,496,343,6503
0x4E47,20039,エルマニオンかいがん,508,364,6524
0x4E33,20019,アイスバリーかいがん,520,385,6545
0x4E50,20048,アイスバリーかいがん,532,385,6545
0x4E34,20020,ヤハーンしっち,544,406,6566
0x4E51,20049,ヤハーンしっち,556,406,6566
0x4E35,20021,カルバド大そうげん,568,421,6581
0x4E36,20022,カズチィチィ山,580,440,6600
0x4E5B,20059,カズチィチィ山,592,440,6600
0x4E37,20023,ダダマルダ山,604,455,6615
0x4E38,20024,ジャーホジ地方,616,468,6628
0x4E39,20025,オンゴリのガケ,628,483,6643
0x4E52,20050,オンゴリのガケ,640,483,6643
0x4E42,20034,ガナンていこくりょう,652,498,6658
0x4F75,20341,ガナンていこくりょう,664,498,6658
0x4E3A,20026,東ナザム地方,676,519,6679
0x4E53,20051,東ナザム地方,688,519,6679
0x4E3B,20027,西ナザム地方,700,532,6692
0x4E54,20052,西ナザム地方,712,532,6692
0x4E5D,20061,西ナザム地方,724,532,6692
0x4E3C,20028,竜のもん,736,545,6705
0x4E3D,20029,竜のしっぽ地方,748,554,6714
0x4E55,20053,竜のしっぽ地方,760,554,6714
0x4E5C,20060,竜のしっぽ地方,772,554,6714
0x4E3E,20030,竜のつばさ地方,784,569,6729
0x4E40,20032,竜のあぎと地方,796,584,6744
0x4E41,20033,竜のくび地方,808,599,6759
0x00C6,198,セントシュタイン城,820,612,6772
0x0072,114,セントシュタイン城　１Ｆ,832,631,6791
0x0073,115,セントシュタイン城　Ｂ１Ｆ,844,656,6816
0x0074,116,セントシュタイン城　Ｂ１Ｆ,856,656,6816
0x0075,117,セントシュタイン城　２Ｆ,868,683,6843
0x0076,118,セントシュタイン城　２Ｆ,880,683,6843
0x0077,119,セントシュタイン城　２Ｆ,892,683,6843
0x0078,120,セントシュタイン城　３Ｆ,904,708,6868
0x0079,121,セントシュタイン城　３Ｆ,916,708,6868
0x007B,123,セントシュタイン城,928,612,6772
0x007C,124,セントシュタイン城　地下,940,733,6893
0x007D,125,セントシュタイン城　？？？,952,758,6918
0x0064,100,セントシュタイン城下町,964,785,6945
0x0067,103,セントシュタイン城下町,976,785,6945
0x0068,104,セントシュタイン城下町,988,785,6945
0x0069,105,セントシュタイン城下町,1000,785,6945
0x006A,106,セントシュタイン城下町,1012,785,6945
0x006B,107,セントシュタイン城下町,1024,785,6945
0x006C,108,セントシュタイン城下町,1036,785,6945
0x006D,109,セントシュタイン城下町,1048,785,6945
0x006E,110,セントシュタイン城下町,1060,785,6945
0x0070,112,セントシュタイン城下町,1072,785,6945
0x00C9,201,グビアナ城,1084,808,6968
0x00CA,202,グビアナ城　１Ｆ,1096,819,6979
0x00CB,203,グビアナ城　１Ｆ,1108,819,6979
0x00CC,204,グビアナ城　１Ｆ,1120,819,6979
0x00D7,215,グビアナ城　１Ｆ,1132,819,6979
0x00CD,205,グビアナ城　２Ｆ,1144,836,6996
0x00CE,206,グビアナ城　２Ｆ,1156,836,6996
0x00CF,207,グビアナ城　３Ｆ,1168,853,7013
0x00C8,200,グビアナ城下町,1180,870,7030
0x00D0,208,グビアナ城下町,1192,870,7030
0x00D1,209,グビアナ城下町,1204,870,7030
0x00D2,210,グビアナ城下町,1216,870,7030
0x00D3,211,グビアナ城下町,1228,870,7030
0x00D4,212,グビアナ城下町,1240,870,7030
0x00D5,213,グビアナ城下町,1252,870,7030
0x00D6,214,グビアナ城下町,1264,870,7030
0x00D8,216,グビアナ城下町,1276,870,7030
0x00D9,217,グビアナ城下町,1288,870,7030
0x00DA,218,グビアナ城下町,1300,870,7030
0x00DB,219,グビアナ城下町,1312,870,7030
0x0190,400,ガナンていこく城,1324,885,7045
0x0191,401,ガナンていこく城　１Ｆ南,1336,902,7062
0x0192,402,ガナンていこく城　１Ｆ東,1348,927,7087
0x0193,403,ガナンていこく城　１Ｆ西,1360,952,7112
0x0194,404,ガナンていこく城　１Ｆ北,1372,977,7137
0x0195,405,ガナンていこく城　２Ｆ北,1384,1002,7162
0x0196,406,ガナンていこく城　１Ｆ,1396,1027,7187
0x0197,407,ガナンていこく城　２Ｆ,1408,1050,7210
0x0198,408,ガナンていこく城　３Ｆ,1420,1073,7233
0x0199,409,ガナンていこく城　４Ｆ,1432,1096,7256
0x044C,1100,ウォルロ村,1444,1119,7279
0x044D,1101,ウォルロ村,1456,1119,7279
0x044E,1102,ウォルロ村,1468,1119,7279
0x044F,1103,ウォルロ村,1480,1119,7279
0x0450,1104,ウォルロ村,1492,1119,7279
0x0451,1105,ウォルロ村,1504,1119,7279
0x0452,1106,ウォルロ村,1516,1119,7279
0x0453,1107,ウォルロ村,1528,1119,7279
0x0454,1108,ウォルロ村,1540,1119,7279
0x0455,1109,ウォルロ村,1552,1119,7279
0x0456,1110,ウォルロ村,1564,1119,7279
0x0457,1111,ウォルロ,1576,1130,7290
0x0458,1112,ウォルロ,1588,1130,7290
0x04B0,1200,エラフィタ村,1600,1139,7299
0x04B1,1201,エラフィタ村,1612,1139,7299
0x04B2,1202,エラフィタ村,1624,1139,7299
0x04B3,1203,エラフィタ村,1636,1139,7299
0x04B4,1204,エラフィタ村,1648,1139,7299
0x04B5,1205,エラフィタ村,1660,1139,7299
0x04B6,1206,エラフィタ村,1672,1139,7299
0x04B7,1207,エラフィタ村,1684,1139,7299
0x0514,1300,ベクセリア,1696,1152,7312
0x0515,1301,ベクセリア,1708,1152,7312
0x0516,1302,ベクセリア,1720,1152,7312
0x0517,1303,ベクセリア,1732,1152,7312
0x0518,1304,ベクセリア,1744,1152,7312
0x0519,1305,ベクセリア,1756,1152,7312
0x051A,1306,ベクセリア,1768,1152,7312
0x051B,1307,ベクセリア,1780,1152,7312
0x051C,1308,ベクセリア,1792,1152,7312
0x051D,1309,ベクセリア,1804,1152,7312
0x051E,1310,ベクセリア,1816,1152,7312
0x051F,1311,ベクセリア,1828,1152,7312
0x0520,1312,ベクセリア,1840,1152,7312
0x0521,1313,ベクセリア,1852,1152,7312
0x05DC,1500,ツォのはま,1864,1163,7323
0x05DD,1501,ツォのはま,1876,1163,7323
0x05DE,1502,ツォのはま,1888,1163,7323
0x05DF,1503,ツォのはま,1900,1163,7323
0x05E0,1504,ツォのはま,1912,1163,7323
0x05E1,1505,ツォのはま,1924,1163,7323
0x05E2,1506,ツォのはま,1936,1163,7323
0x06A4,1700,ビタリ山　ちょうじょう,1948,1174,7334
0x06A5,1701,ビタリ山　ちょうじょう,1960,1174,7334
0x06A9,1705,ビタリ山　ちょうじょう,1972,1174,7334
0x06AA,1706,ビタリ山　ちょうじょう,1984,1174,7334
0x0708,1800,カラコタばし,1996,1197,7357
0x0709,1801,カラコタばし,2008,1197,7357
0x070A,1802,カラコタばし,2020,1197,7357
0x070B,1803,カラコタばし,2032,1197,7357
0x070C,1804,カラコタばし,2044,1197,7357
0x070D,1805,カラコタばし,2056,1197,7357
0x070E,1806,カラコタばし,2068,1197,7357
0x070F,1807,カラコタばし,2080,1197,7357
0x0710,1808,カラコタばし,2092,1197,7357
0x076C,1900,サンマロウ,2104,1210,7370
0x076D,1901,サンマロウ,2116,1210,7370
0x076E,1902,サンマロウ,2128,1210,7370
0x076F,1903,サンマロウ,2140,1210,7370
0x0770,1904,サンマロウ,2152,1210,7370
0x0771,1905,サンマロウ,2164,1210,7370
0x0772,1906,サンマロウ,2176,1210,7370
0x0773,1907,サンマロウ,2188,1210,7370
0x0774,1908,サンマロウ,2200,1210,7370
0x0775,1909,サンマロウ,2212,1210,7370
0x0776,1910,サンマロウ,2224,1210,7370
0x0777,1911,サンマロウ,2236,1210,7370
0x0778,1912,サンマロウ,2248,1210,7370
0x0779,1913,サンマロウ,2260,1210,7370
0x077A,1914,サンマロウ,2272,1210,7370
0x077B,1915,サンマロウ,2284,1210,7370
0x077C,1916,サンマロウ,2296,1210,7370
0x07D0,2000,カルバドのしゅうらく,2308,1221,7381
0x07D1,2001,カルバドのしゅうらく,2320,1221,7381
0x07D2,2002,カルバドのしゅうらく,2332,1221,7381
0x07D3,2003,カルバドのしゅうらく,2344,1221,7381
0x07D4,2004,カルバドのしゅうらく,2356,1221,7381
0x07D5,2005,カルバドのしゅうらく,2368,1221,7381
0x07D6,2006,カルバドのしゅうらく,2380,1221,7381
0x07D7,2007,カルバドのしゅうらく,2392,1221,7381
0x0834,2100,エルシオンがくいん,2404,1242,7402
0x0835,2101,エルシオンがくいん　１Ｆ,2416,1261,7421
0x0836,2102,エルシオンがくいん　１Ｆ,2428,1261,7421
0x0837,2103,エルシオンがくいん　１Ｆ,2440,1261,7421
0x0838,2104,エルシオンがくいん　１Ｆ,2452,1261,7421
0x0839,2105,エルシオンがくいん　２Ｆ,2464,1286,7446
0x083A,2106,エルシオンがくいん　３Ｆ,2476,1311,7471
0x083B,2107,エルシオンがくせいりょう１Ｆ,2488,1336,7496
0x083C,2108,エルシオンがくせいりょう２Ｆ,2500,1365,7525
0x083D,2109,エルシオンがくせいりょう３Ｆ,2512,1394,7554
0x0898,2200,ナザム村,2524,1423,7583
0x0899,2201,ナザム村,2536,1423,7583
0x089A,2202,ナザム村,2548,1423,7583
0x089B,2203,ナザム村,2560,1423,7583
0x089C,2204,ナザム村,2572,1423,7583
0x089D,2205,ナザム村,2584,1423,7583
0x089E,2206,ナザム村,2596,1423,7583
0x089F,2207,ナザム村,2608,1423,7583
0x08A0,2208,ナザム村,2620,1423,7583
0x08A1,2209,ナザム村,2632,1423,7583
0x08A2,2210,ナザム村,2644,1423,7583
0x08A3,2211,ナザム村,2656,1423,7583
0x08FC,2300,ドミールのさと,2668,1432,7592
0x08FD,2301,ドミールのさと,2680,1432,7592
0x08FE,2302,ドミールのさと,2692,1432,7592
0x08FF,2303,ドミールのさと,2704,1432,7592
0x0900,2304,ドミールのさと,2716,1432,7592
0x0901,2305,ドミールのさと,2728,1432,7592
0x0902,2306,ドミールのさと,2740,1432,7592
0x0903,2307,ドミールのさと,2752,1432,7592
0x0904,2308,ドミールのさと,2764,1432,7592
0x0905,2309,ドミールのさと,2776,1432,7592
0x0906,2310,ドミールのさと,2788,1432,7592
0x0907,2311,ドミールのさと,2800,1432,7592
0x095F,2399,ドミールのさと,2812,1432,7592
0x1004,4100,てんしかい,2824,1447,7607
0x1005,4101,てんしかい　１－２Ｆ,2836,1458,7618
0x1007,4103,てんしかい　３Ｆ,2848,1479,7639
0x1008,4104,てんしかい　４Ｆ,2860,1496,7656
0x1009,4105,てんしかい　１Ｆ,2872,1513,7673
0x100A,4106,てんしかい　１Ｆ,2884,1513,7673
0x100B,4107,てんしかい　２Ｆ,2896,1530,7690
0x100D,4109,てんしかい　３Ｆ,2908,1479,7639
0x100E,4110,てんしかい　３Ｆ,2920,1479,7639
0x1068,4200,ダーマしんでん,2932,1547,7707
0x1069,4201,ダーマしんでん　１Ｆ,2944,1562,7722
0x106A,4202,ダーマしんでん　Ｂ１Ｆ,2956,1583,7743
0x10CC,4300,神のくに,2968,1606,7766
0x10CD,4301,神のくに,2980,1606,7766
0x10CE,4302,神のくに,2992,1606,7766
0x10CF,4303,神のしんでん　１Ｆ,3004,1615,7775
0x10D0,4304,神のしんでん　２Ｆ,3016,1634,7794
0x10D1,4305,西のしんでん,3028,1653,7813
0x10D2,4306,東のしんでん,3040,1666,7826
0x10D3,4307,神のしんでん　１Ｆ,3052,1615,7775
0x10D4,4308,神のしんでん　２Ｆ,3064,1634,7794
0x10D5,4309,神のしんでん　１Ｆ,3076,1615,7775
0x1130,4400,絶望と憎悪の魔宮　１Ｆ,3088,1679,7839
0x1131,4401,絶望と憎悪の魔宮　７Ｆ,3100,1702,7862
0x1132,4402,絶望と憎悪の魔宮　８Ｆ,3112,1725,7885
0x1133,4403,絶望と憎悪の魔宮　９Ｆ,3124,1748,7908
0x1134,4404,絶望と憎悪の魔宮　１Ｆ,3136,1679,7839
0x1135,4405,絶望と憎悪の魔宮　Ｂ１Ｆ,3148,1771,7931
0x1136,4406,絶望と憎悪の魔宮　Ｂ２Ｆ,3160,1796,7956
0x1137,4407,絶望と憎悪の魔宮　１Ｆ,3172,1679,7839
0x1138,4408,絶望と憎悪の魔宮　２Ｆ,3184,1821,7981
0x1139,4409,絶望と憎悪の魔宮　３Ｆ,3196,1844,8004
0x113A,4410,絶望と憎悪の魔宮　４Ｆ,3208,1867,8027
0x113B,4411,絶望と憎悪の魔宮　５Ｆ,3220,1890,8050
0x113C,4412,絶望と憎悪の魔宮　１Ｆ,3232,1679,7839
0x113D,4413,絶望と憎悪の魔宮　６Ｆ,3244,1913,8073
0x113E,4414,絶望と憎悪の魔宮　８Ｆ,3256,1725,7885
0x113F,4415,絶望と憎悪の魔宮,3268,1936,8096
0x1140,4416,絶望と憎悪の魔宮　８Ｆ,3280,1725,7885
0x1141,4417,絶望と憎悪の魔宮　９Ｆ,3292,1748,7908
0x1142,4418,絶望と憎悪の魔宮　９Ｆ,3304,1748,7908
0x1143,4419,絶望と憎悪の魔宮　８Ｆ,3316,1725,7885
0x1144,4420,絶望と憎悪の魔宮　１０Ｆ,3328,1953,8113
0x1145,4421,絶望と憎悪の魔宮　１１Ｆ,3340,1978,8138
0x1146,4422,絶望と憎悪の魔宮　１２Ｆ,3352,2003,8163
0x1147,4423,魔のしんでん　１Ｆ,3364,2028,8188
0x1148,4424,魔のしんでん　２Ｆ,3376,2047,8207
0x1192,4498,絶望と憎悪の魔宮,3388,1936,8096
0x1193,4499,絶望と憎悪の魔宮,3400,1936,8096
0x1194,4500,てんしかい,3412,1447,7607
0x1195,4501,てんしかい　１－２Ｆ,3424,1458,7618
0x1197,4503,てんしかい　３Ｆ,3436,1479,7639
0x1198,4504,てんしかい　４Ｆ,3448,1496,7656
0x1199,4505,てんしかい　１Ｆ,3460,1513,7673
0x119A,4506,てんしかい　１Ｆ,3472,1513,7673
0x119B,4507,てんしかい　２Ｆ,3484,1530,7690
0x119D,4509,てんしかい　３Ｆ,3496,1479,7639
0x119E,4510,てんしかい　３Ｆ,3508,1479,7639
0x119F,4511,てんしかい　４Ｆ,3520,1496,7656
0x11A0,4512,てんしかい,3532,1447,7607
0x11A1,4513,てんしかい　２Ｆ,3544,1530,7690
0x1BBC,7100,キサゴナいせき,3556,2066,8226
0x1BBD,7101,キサゴナいせき　１Ｆ,3568,2081,8241
0x1BBE,7102,キサゴナいせき　Ｂ１Ｆ,3580,2102,8262
0x1BBF,7103,キサゴナいせき　Ｂ２Ｆ,3592,2125,8285
0x1BC0,7104,キサゴナいせき　Ｂ１Ｆ,3604,2102,8262
0x1BC1,7105,キサゴナいせき　Ｂ１Ｆ,3616,2102,8262
0x1C85,7301,ルディアノ城,3628,2148,8308
0x1C86,7302,ルディアノ城　北西の塔,3640,2161,8321
0x1C87,7303,ルディアノ城　Ｂ１Ｆ,3652,2184,8344
0x1C88,7304,ルディアノ城　東の塔,3664,2205,8365
0x1C89,7305,ルディアノ城　西の塔,3676,2226,8386
0x1C8A,7306,ルディアノ城　２Ｆ,3688,2247,8407
0x1C8B,7307,ルディアノ城　１Ｆ,3700,2266,8426
0x1CE8,7400,ふういんのほこら,3712,2285,8445
0x1CE9,7401,ふういんのほこら　１Ｆ,3724,2302,8462
0x1CEA,7402,ふういんのほこら　１Ｆ,3736,2302,8462
0x1CEB,7403,ふういんのほこら　Ｂ１Ｆ,3748,2325,8485
0x1DB1,7601,海べのどうくつ,3760,2350,8510
0x1DB2,7602,海べのどうくつ　１Ｆ,3772,2365,8525
0x1DB3,7603,海べのどうくつ　１Ｆ,3784,2365,8525
0x1DB4,7604,海べのどうくつ　２Ｆ,3796,2386,8546
0x1DB5,7605,海べのどうくつ,3808,2350,8510
0x1E14,7700,ビタリ山,3820,2407,8567
0x1E15,7701,ビタリ山　１Ｆ,3832,2416,8576
0x1E16,7702,ビタリ山　２Ｆ,3844,2431,8591
0x1E17,7703,ビタリ山　３Ｆ,3856,2446,8606
0x1E18,7704,ビタリ山　４Ｆ,3868,2461,8621
0x1E19,7705,ビタリ山　５Ｆ,3880,2476,8636
0x1E1A,7706,ビタリ山　６Ｆ,3892,2491,8651
0x1E1B,7707,ビタリ山　７Ｆ,3904,2506,8666
0x1E1C,7708,ビタリ山　６Ｆ,3916,2491,8651
0x1E1D,7709,ビタリ山　７Ｆ,3928,2506,8666
0x1E7A,7802,グビアナ地下すいどう　Ｂ１Ｆ,3940,2521,8681
0x1E7B,7803,グビアナ地下すいどう　Ｂ１Ｆ,3952,2521,8681
0x1E7C,7804,グビアナ地下すいどう　Ｂ１Ｆ,3964,2521,8681
0x1E7D,7805,グビアナ地下すいどう　Ｂ２Ｆ,3976,2550,8710
0x1E7E,7806,グビアナ地下すいどう　Ｂ３Ｆ,3988,2579,8739
0x1E7F,7807,グビアナ地下すいどう　Ｂ１Ｆ,4000,2521,8681
0x1E80,7808,グビアナ地下すいどう　Ｂ２Ｆ,4012,2550,8710
0x1E81,7809,グビアナ地下すいどう　Ｂ３Ｆ,4024,2579,8739
0x1EDC,7900,サンマロウ北のどうくつ,4036,2608,8768
0x1EDD,7901,サンマロウ北のどうくつ　１Ｆ,4048,2631,8791
0x1EDE,7902,サンマロウ北のどうくつ　１Ｆ,4060,2631,8791
0x1EDF,7903,サンマロウ北のどうくつ　１Ｆ,4072,2631,8791
0x1EE0,7904,サンマロウ北のどうくつＢ１Ｆ,4084,2660,8820
0x1EE1,7905,サンマロウ北のどうくつＢ２Ｆ,4096,2689,8849
0x1EE2,7906,サンマロウ北のどうくつＢ２Ｆ,4108,2689,8849
0x2009,8201,カズチャ村,4120,2718,8878
0x200A,8202,カズチャ村,4132,2718,8878
0x200B,8203,カズチャ村　Ｂ１Ｆ,4144,2729,8889
0x200C,8204,カズチャ村,4156,2718,8878
0x200D,8205,カズチャ村,4168,2718,8878
0x200E,8206,カズチャ村,4180,2718,8878
0x200F,8207,カズチャ村　地下つうろ,4192,2748,8908
0x2010,8208,カズチャ村　地下のいずみ,4204,2771,8931
0x206D,8301,エルシオン地下こうしゃＢ１Ｆ,4216,2796,8956
0x206E,8302,エルシオン地下こうしゃＢ２Ｆ,4228,2825,8985
0x206F,8303,エルシオン地下こうしゃＢ２Ｆ,4240,2825,8985
0x20D0,8400,魔獣のどうくつ,4252,2854,9014
0x20D1,8401,魔獣のどうくつ　１Ｆ,4264,2869,9029
0x20D2,8402,魔獣のどうくつ　Ｂ１Ｆ,4276,2890,9050
0x20D3,8403,魔獣のどうくつ　１Ｆ,4288,2869,9029
0x20D4,8404,魔獣のどうくつ　Ｂ２Ｆ,4300,2913,9073
0x20D5,8405,魔獣のどうくつ　Ｂ３Ｆ,4312,2936,9096
0x20D6,8406,魔獣のどうくつ　Ｂ４Ｆ,4324,2959,9119
0x20D7,8407,魔獣のどうくつ　Ｂ４Ｆ,4336,2959,9119
0x219A,8602,ドミールかざん　１Ｆ,4348,2982,9142
0x219B,8603,ドミールかざん　１Ｆ,4360,2982,9142
0x219C,8604,ドミールかざん　２Ｆ,4372,3003,9163
0x219D,8605,ドミールかざん　３Ｆ,4384,3024,9184
0x219E,8606,ドミールかざん　３Ｆ,4396,3024,9184
0x219F,8607,ドミールかざん　３Ｆ,4408,3024,9184
0x21A0,8608,ドミールかざん　４Ｆ,4420,3045,9205
0x21A1,8609,ドミールかざん　５Ｆ,4432,3066,9226
0x21A2,8610,ドミールかざん　５Ｆ,4444,3066,9226
0x21A3,8611,ドミールかざん　６Ｆ,4456,3087,9247
0x21A4,8612,ドミールかざん　ちょうじょう,4468,3108,9268
0x21A5,8613,グレイナルの家,4480,3137,9297
0x21FD,8701,とざされたろうごく　Ｂ１Ｆ,4492,3152,9312
0x21FE,8702,とざされたろうごく　Ｂ２Ｆ,4504,3179,9339
0x21FF,8703,とざされたろうごく　Ｂ３Ｆ,4516,3206,9366
0x2200,8704,とざされたろうごく　Ｂ４Ｆ,4528,3233,9393
0x2201,8705,とざされたろうごく　Ｂ５Ｆ,4540,3260,9420
0x2202,8706,とざされたろうごく　Ｂ６Ｆ,4552,3287,9447
0x2203,8707,とざされたろうごく,4564,3314,9474
0x2328,9000,ダーマの塔,4576,3333,9493
0x2329,9001,ダーマの塔　１Ｆ,4588,3344,9504
0x232A,9002,ダーマの塔　２Ｆ,4600,3361,9521
0x232B,9003,ダーマの塔　３Ｆ,4612,3378,9538
0x232C,9004,ダーマの塔　４Ｆ,4624,3395,9555
0x232D,9005,ダーマの塔　５Ｆ,4636,3412,9572
0x232E,9006,ダーマの塔　６Ｆ,4648,3429,9589
0x232F,9007,ダーマの塔　７Ｆ,4660,3446,9606
0x2330,9008,ダーマの塔　？？？,4672,3463,9623
0x238C,9100,アルマの塔,4684,3482,9642
0x238D,9101,アルマの塔　１Ｆ,4696,3493,9653
0x238E,9102,アルマの塔　２Ｆ,4708,3510,9670
0x238F,9103,アルマの塔　３Ｆ,4720,3527,9687
0x2390,9104,アルマの塔　４Ｆ,4732,3544,9704
0x2391,9105,アルマの塔　５Ｆ,4744,3561,9721
0x2392,9106,アルマの塔　５Ｆ,4756,3561,9721
0x2393,9107,アルマの塔　６Ｆ,4768,3578,9738
0x2394,9108,アルマの塔　７Ｆ,4780,3595,9755
0x23EF,9199,アルマの塔,4792,3482,9642
0x13ED,5101,とうげのみち,4804,3612,9772
0x13EE,5102,とうげのみち,4816,3612,9772
0x1450,5200,シュタインこ,4828,3625,9785
0x14B4,5300,西セントシュタイン,4840,112,6272
0x14B5,5301,西セントシュタイン,4852,112,6272
0x1518,5400,西セントシュタイン,4864,112,6272
0x157C,5500,ひみつのいわば,4876,3638,9798
0x15E0,5600,ゆうぼくみんのパオ,4888,3653,9813
0x15E1,5601,ゆうぼくみんのパオ,4900,3653,9813
0x15E2,5602,ゆうぼくみんのパオ,4912,3653,9813
0x1644,5700,カデスのろうごく,4924,3672,9832
0x164B,5707,カデスのろうごく,4936,3672,9832
0x1645,5701,カデスのろうごく　ろうや,4948,3689,9849
0x1646,5702,カデスかんし塔　１Ｆ,4960,3714,9874
0x1647,5703,カデスかんし塔　２Ｆ,4972,3735,9895
0x1648,5704,カデスのろうごく　１Ｆ,4984,3756,9916
0x1649,5705,カデスのろうごく　２Ｆ,4996,3779,9939
0x164A,5706,カデスのろうごく　Ｂ１Ｆ,5008,3802,9962
0x16A8,5800,ベレンのきしべ,5020,229,6389
0x16A9,5801,ベレンのきしべ,5032,229,6389
0x170C,5900,ふね　かんぱん,5044,3827,9987
0x170D,5901,ふね　せんちょうしつ,5056,3842,10002
0x170E,5902,ふね　きゃくしつ,5068,3863,10023
0x170F,5903,ふね　そうこ,5080,3880,10040
0x1770,6000,ビタリへいげん,5092,272,6432
0x1771,6001,ビタリへいげん,5104,272,6432
0x17D4,6100,ダダマルダ山,5116,455,6615
0x17D5,6101,ダダマルダ山,5128,455,6615
0x1838,6200,サンマロウ地方,5140,244,6404
0x1839,6201,サンマロウ地方,5152,244,6404
0x183A,6202,サンマロウ地方,5164,244,6404
0x189E,6302,東ナザム地方,5176,519,6679
0x189F,6303,東ナザム地方,5188,519,6679
0x18A0,6304,東ナザム地方,5200,519,6679
0x18A1,6305,東ナザム地方,5212,519,6679
0x1901,6401,てんのはこぶね　１りょうめ,5224,3893,10053
0x1902,6402,てんのはこぶね　２りょうめ,5236,3920,10080
0x1903,6403,てんのはこぶね　３りょうめ,5248,3947,10107
0x1904,6404,てんのはこぶね　？？？,5260,3974,10134
0x1905,6405,てんのはこぶね,5272,3997,10157
0x1964,6500,竜のもん,5284,545,6705
0x3AFC,15100,西ベクセリア地方,5296,176,6336
0x3B60,15200,あめのしま,5308,332,6492
0x3BC4,15300,ウォルロ地方,5320,99,6259
0x3C28,15400,西ベクセリア地方,5332,176,6336
0x3C8C,15500,東セントシュタイン,5344,193,6353
0x3CF0,15600,東セントシュタイン,5356,193,6353
0x3D54,15700,アユルダーマとう,5368,212,6372
0x3DB8,15800,ビタリかいがん,5380,287,6447
0x3E1C,15900,グビアナさばく,5392,302,6462
0x3E80,16000,アシュバル地方,5404,317,6477
0x3EE4,16100,アイスバリーかいがん,5416,385,6545
0x3F48,16200,アイスバリーかいがん,5428,385,6545
0x3FAC,16300,アイスバリーかいがん,5440,385,6545
0x4010,16400,ヤハーンしっち,5452,406,6566
0x4074,16500,オンゴリのガケ,5464,483,6643
0x40D8,16600,オンゴリのガケ,5476,483,6643
0x413C,16700,東ナザム地方,5488,519,6679
0x41A0,16800,東ナザム地方,5500,519,6679
0x4204,16900,西ナザム地方,5512,532,6692
0x4268,17000,竜のしっぽ地方,5524,554,6714
0xC3B5,50101,セントシュタイン城下町,5536,785,6945
0xC3B6,50102,セントシュタイン城下町,5548,785,6945
0xC3B7,50103,セントシュタイン城下町,5560,785,6945
0xC3BB,50107,セントシュタイン城下町,5572,785,6945
0xC3BC,50108,セントシュタイン城下町,5584,785,6945
0xC3BD,50109,セントシュタイン城下町,5596,785,6945
0xC3BE,50110,セントシュタイン城下町,5608,785,6945
0xC419,50201,セントシュタイン城下町,5620,785,6945
0xC41A,50202,セントシュタイン城下町,5632,785,6945
0xC41B,50203,セントシュタイン城下町,5644,785,6945
0xC41C,50204,セントシュタイン城下町,5656,785,6945
0xC41D,50205,セントシュタイン城下町,5668,785,6945
0xC47D,50301,セントシュタイン城下町,5680,785,6945
0xC47E,50302,セントシュタイン城下町,5692,785,6945
0xC47F,50303,セントシュタイン城下町,5704,785,6945
0xC480,50304,セントシュタイン城下町,5716,785,6945
0xC481,50305,セントシュタイン城下町,5728,785,6945
0xC482,50306,セントシュタイン城下町,5740,785,6945
0xC4E1,50401,セントシュタイン城下町,5752,785,6945
0xC4E2,50402,セントシュタイン城下町,5764,785,6945
0xC4E3,50403,セントシュタイン城下町,5776,785,6945
0xC4E4,50404,セントシュタイン城下町,5788,785,6945
0xC4E5,50405,セントシュタイン城下町,5800,785,6945
0xC4E6,50406,セントシュタイン城下町,5812,785,6945
0xC545,50501,セントシュタイン城下町,5824,785,6945
0xC546,50502,セントシュタイン城下町,5836,785,6945
0xC547,50503,セントシュタイン城下町,5848,785,6945
0xC548,50504,セントシュタイン城下町,5860,785,6945
0xC549,50505,セントシュタイン城下町,5872,785,6945
0xC54A,50506,セントシュタイン城下町,5884,785,6945
0xC54B,50507,セントシュタイン城下町,5896,785,6945
0xC54C,50508,セントシュタイン城下町,5908,785,6945
0xC54D,50509,セントシュタイン城下町,5920,785,6945
0xC54E,50510,セントシュタイン城下町,5932,785,6945
0xC54F,50511,セントシュタイン城下町,5944,785,6945
0xC550,50512,セントシュタイン城下町,5956,785,6945
0xC551,50513,セントシュタイン城下町,5968,785,6945
0xC552,50514,セントシュタイン城下町,5980,785,6945
0xC553,50515,セントシュタイン城下町,5992,785,6945
0xC554,50516,セントシュタイン城下町,6004,785,6945
0xC555,50517,セントシュタイン城下町,6016,785,6945
0xC556,50518,セントシュタイン城下町,6028,785,6945
0xC557,50519,セントシュタイン城下町,6040,785,6945
0xC558,50520,セントシュタイン城下町,6052,785,6945
0xC559,50521,セントシュタイン城下町,6064,785,6945
0xC55A,50522,セントシュタイン城下町,6076,785,6945
0xC55B,50523,セントシュタイン城下町,6088,785,6945
0x007E,126,セントシュタイン城下町,6100,785,6945
0x007F,127,セントシュタイン城下町,6112,785,6945
0x0080,128,セントシュタイン城下町,6124,785,6945
0x0081,129,セントシュタイン城下町,6136,785,6945
0x1AF5,6901,てんのはこぶね,6148,3997,10157
