nameJa,mapIdCount,mapIdHexes,mapIds,stringOffsets
デバッグフロア,1,0x0001,1,6187
ベッドテスト,1,0x4E20,20000,6202
モンスターモデファイ,1,0x0003,3,6215
エンカウントテストよう,1,0x4E1F,19999,6236
ウォルロ地方,5,0x4E21|0x4E4B|0x4E85|0x4E86|0x3BC4,20001|20043|20101|20102|15300,6259
西セントシュタイン,4,0x4E22|0x14B4|0x14B5|0x1518,20002|5300|5301|5400,6272
エラフィタ地方,2,0x4E5F|0x4E23,20063|20003,6291
ほろびのもり,1,0x4E24,20004,6306
東ベクセリア地方,1,0x4E25,20005,6319
西ベクセリア地方,5,0x4E26|0x4E4D|0x4E57|0x3AFC|0x3C28,20006|20045|20055|15100|15400,6336
東セントシュタイン,4,0x4E46|0x4E4C|0x3C8C|0x3CF0,20038|20044|15500|15600,6353
アユルダーマとう,5,0x4E27|0x4E49|0x4EEF|0x4E5E|0x3D54,20007|20041|20207|20062|15700,6372
ベレンのきしべ,3,0x4E29|0x16A8|0x16A9,20009|5800|5801,6389
サンマロウ地方,6,0x4E2A|0x4E56|0x4E8F|0x1838|0x1839|0x183A,20010|20054|20111|6200|6201|6202,6404
カラコタ地方,1,0x4E2B,20011,6419
ビタリへいげん,3,0x4E2C|0x1770|0x1771,20012|6000|6001,6432
ビタリかいがん,3,0x4E48|0x4E58|0x3DB8,20040|20056|15800,6447
グビアナさばく,4,0x4E2F|0x4E4A|0x4E4E|0x3E1C,20015|20042|20046|15900,6462
アシュバル地方,4,0x4E30|0x4E4F|0x4E59|0x3E80,20016|20047|20057|16000,6477
あめのしま,3,0x4E31|0x4E5A|0x3B60,20017|20058|15200,6492
エルマニオンせつげん,1,0x4E32,20018,6503
エルマニオンかいがん,1,0x4E47,20039,6524
アイスバリーかいがん,5,0x4E33|0x4E50|0x3EE4|0x3F48|0x3FAC,20019|20048|16100|16200|16300,6545
ヤハーンしっち,3,0x4E34|0x4E51|0x4010,20020|20049|16400,6566
カルバド大そうげん,1,0x4E35,20021,6581
カズチィチィ山,2,0x4E36|0x4E5B,20022|20059,6600
ダダマルダ山,3,0x4E37|0x17D4|0x17D5,20023|6100|6101,6615
ジャーホジ地方,1,0x4E38,20024,6628
オンゴリのガケ,4,0x4E39|0x4E52|0x4074|0x40D8,20025|20050|16500|16600,6643
ガナンていこくりょう,2,0x4E42|0x4F75,20034|20341,6658
東ナザム地方,8,0x4E3A|0x4E53|0x189E|0x189F|0x18A0|0x18A1|0x413C|0x41A0,20026|20051|6302|6303|6304|6305|16700|16800,6679
西ナザム地方,4,0x4E3B|0x4E54|0x4E5D|0x4204,20027|20052|20061|16900,6692
竜のもん,2,0x4E3C|0x1964,20028|6500,6705
竜のしっぽ地方,4,0x4E3D|0x4E55|0x4E5C|0x4268,20029|20053|20060|17000,6714
竜のつばさ地方,1,0x4E3E,20030,6729
竜のあぎと地方,1,0x4E40,20032,6744
竜のくび地方,1,0x4E41,20033,6759
セントシュタイン城,2,0x00C6|0x007B,198|123,6772
セントシュタイン城　１Ｆ,1,0x0072,114,6791
セントシュタイン城　Ｂ１Ｆ,2,0x0073|0x0074,115|116,6816
セントシュタイン城　２Ｆ,3,0x0075|0x0076|0x0077,117|118|119,6843
セントシュタイン城　３Ｆ,2,0x0078|0x0079,120|121,6868
セントシュタイン城　地下,1,0x007C,124,6893
セントシュタイン城　？？？,1,0x007D,125,6918
セントシュタイン城下町,61,0x0064|0x0067|0x0068|0x0069|0x006A|0x006B|0x006C|0x006D|0x006E|0x0070|0xC3B5|0xC3B6|0xC3B7|0xC3BB|0xC3BC|0xC3BD|0xC3BE|0xC419|0xC41A|0xC41B|0xC41C|0xC41D|0xC47D|0xC47E|0xC47F|0xC480|0xC481|0xC482|0xC4E1|0xC4E2|0xC4E3|0xC4E4|0xC4E5|0xC4E6|0xC545|0xC546|0xC547|0xC548|0xC549|0xC54A|0xC54B|0xC54C|0xC54D|0xC54E|0xC54F|0xC550|0xC551|0xC552|0xC553|0xC554|0xC555|0xC556|0xC557|0xC558|0xC559|0xC55A|0xC55B|0x007E|0x007F|0x0080|0x0081,100|103|104|105|106|107|108|109|110|112|50101|50102|50103|50107|50108|50109|50110|50201|50202|50203|50204|50205|50301|50302|50303|50304|50305|50306|50401|50402|50403|50404|50405|50406|50501|50502|50503|50504|50505|50506|50507|50508|50509|50510|50511|50512|50513|50514|50515|50516|50517|50518|50519|50520|50521|50522|50523|126|127|128|129,6945
グビアナ城,1,0x00C9,201,6968
グビアナ城　１Ｆ,4,0x00CA|0x00CB|0x00CC|0x00D7,202|203|204|215,6979
グビアナ城　２Ｆ,2,0x00CD|0x00CE,205|206,6996
グビアナ城　３Ｆ,1,0x00CF,207,7013
グビアナ城下町,12,0x00C8|0x00D0|0x00D1|0x00D2|0x00D3|0x00D4|0x00D5|0x00D6|0x00D8|0x00D9|0x00DA|0x00DB,200|208|209|210|211|212|213|214|216|217|218|219,7030
ガナンていこく城,1,0x0190,400,7045
ガナンていこく城　１Ｆ南,1,0x0191,401,7062
ガナンていこく城　１Ｆ東,1,0x0192,402,7087
ガナンていこく城　１Ｆ西,1,0x0193,403,7112
ガナンていこく城　１Ｆ北,1,0x0194,404,7137
ガナンていこく城　２Ｆ北,1,0x0195,405,7162
ガナンていこく城　１Ｆ,1,0x0196,406,7187
ガナンていこく城　２Ｆ,1,0x0197,407,7210
ガナンていこく城　３Ｆ,1,0x0198,408,7233
ガナンていこく城　４Ｆ,1,0x0199,409,7256
ウォルロ村,11,0x044C|0x044D|0x044E|0x044F|0x0450|0x0451|0x0452|0x0453|0x0454|0x0455|0x0456,1100|1101|1102|1103|1104|1105|1106|1107|1108|1109|1110,7279
ウォルロ,2,0x0457|0x0458,1111|1112,7290
エラフィタ村,8,0x04B0|0x04B1|0x04B2|0x04B3|0x04B4|0x04B5|0x04B6|0x04B7,1200|1201|1202|1203|1204|1205|1206|1207,7299
ベクセリア,14,0x0514|0x0515|0x0516|0x0517|0x0518|0x0519|0x051A|0x051B|0x051C|0x051D|0x051E|0x051F|0x0520|0x0521,1300|1301|1302|1303|1304|1305|1306|1307|1308|1309|1310|1311|1312|1313,7312
ツォのはま,7,0x05DC|0x05DD|0x05DE|0x05DF|0x05E0|0x05E1|0x05E2,1500|1501|1502|1503|1504|1505|1506,7323
ビタリ山　ちょうじょう,4,0x06A4|0x06A5|0x06A9|0x06AA,1700|1701|1705|1706,7334
カラコタばし,9,0x0708|0x0709|0x070A|0x070B|0x070C|0x070D|0x070E|0x070F|0x0710,1800|1801|1802|1803|1804|1805|1806|1807|1808,7357
サンマロウ,17,0x076C|0x076D|0x076E|0x076F|0x0770|0x0771|0x0772|0x0773|0x0774|0x0775|0x0776|0x0777|0x0778|0x0779|0x077A|0x077B|0x077C,1900|1901|1902|1903|1904|1905|1906|1907|1908|1909|1910|1911|1912|1913|1914|1915|1916,7370
カルバドのしゅうらく,8,0x07D0|0x07D1|0x07D2|0x07D3|0x07D4|0x07D5|0x07D6|0x07D7,2000|2001|2002|2003|2004|2005|2006|2007,7381
エルシオンがくいん,1,0x0834,2100,7402
エルシオンがくいん　１Ｆ,4,0x0835|0x0836|0x0837|0x0838,2101|2102|2103|2104,7421
エルシオンがくいん　２Ｆ,1,0x0839,2105,7446
エルシオンがくいん　３Ｆ,1,0x083A,2106,7471
エルシオンがくせいりょう１Ｆ,1,0x083B,2107,7496
エルシオンがくせいりょう２Ｆ,1,0x083C,2108,7525
エルシオンがくせいりょう３Ｆ,1,0x083D,2109,7554
ナザム村,12,0x0898|0x0899|0x089A|0x089B|0x089C|0x089D|0x089E|0x089F|0x08A0|0x08A1|0x08A2|0x08A3,2200|2201|2202|2203|2204|2205|2206|2207|2208|2209|2210|2211,7583
ドミールのさと,13,0x08FC|0x08FD|0x08FE|0x08FF|0x0900|0x0901|0x0902|0x0903|0x0904|0x0905|0x0906|0x0907|0x095F,2300|2301|2302|2303|2304|2305|2306|2307|2308|2309|2310|2311|2399,7592
てんしかい,3,0x1004|0x1194|0x11A0,4100|4500|4512,7607
てんしかい　１－２Ｆ,2,0x1005|0x1195,4101|4501,7618
てんしかい　３Ｆ,6,0x1007|0x100D|0x100E|0x1197|0x119D|0x119E,4103|4109|4110|4503|4509|4510,7639
てんしかい　４Ｆ,3,0x1008|0x1198|0x119F,4104|4504|4511,7656
てんしかい　１Ｆ,4,0x1009|0x100A|0x1199|0x119A,4105|4106|4505|4506,7673
てんしかい　２Ｆ,3,0x100B|0x119B|0x11A1,4107|4507|4513,7690
ダーマしんでん,1,0x1068,4200,7707
ダーマしんでん　１Ｆ,1,0x1069,4201,7722
ダーマしんでん　Ｂ１Ｆ,1,0x106A,4202,7743
神のくに,3,0x10CC|0x10CD|0x10CE,4300|4301|4302,7766
神のしんでん　１Ｆ,3,0x10CF|0x10D3|0x10D5,4303|4307|4309,7775
神のしんでん　２Ｆ,2,0x10D0|0x10D4,4304|4308,7794
西のしんでん,1,0x10D1,4305,7813
東のしんでん,1,0x10D2,4306,7826
絶望と憎悪の魔宮　１Ｆ,4,0x1130|0x1134|0x1137|0x113C,4400|4404|4407|4412,7839
絶望と憎悪の魔宮　７Ｆ,1,0x1131,4401,7862
絶望と憎悪の魔宮　８Ｆ,4,0x1132|0x113E|0x1140|0x1143,4402|4414|4416|4419,7885
絶望と憎悪の魔宮　９Ｆ,3,0x1133|0x1141|0x1142,4403|4417|4418,7908
絶望と憎悪の魔宮　Ｂ１Ｆ,1,0x1135,4405,7931
絶望と憎悪の魔宮　Ｂ２Ｆ,1,0x1136,4406,7956
絶望と憎悪の魔宮　２Ｆ,1,0x1138,4408,7981
絶望と憎悪の魔宮　３Ｆ,1,0x1139,4409,8004
絶望と憎悪の魔宮　４Ｆ,1,0x113A,4410,8027
絶望と憎悪の魔宮　５Ｆ,1,0x113B,4411,8050
絶望と憎悪の魔宮　６Ｆ,1,0x113D,4413,8073
絶望と憎悪の魔宮,3,0x113F|0x1192|0x1193,4415|4498|4499,8096
絶望と憎悪の魔宮　１０Ｆ,1,0x1144,4420,8113
絶望と憎悪の魔宮　１１Ｆ,1,0x1145,4421,8138
絶望と憎悪の魔宮　１２Ｆ,1,0x1146,4422,8163
魔のしんでん　１Ｆ,1,0x1147,4423,8188
魔のしんでん　２Ｆ,1,0x1148,4424,8207
キサゴナいせき,1,0x1BBC,7100,8226
キサゴナいせき　１Ｆ,1,0x1BBD,7101,8241
キサゴナいせき　Ｂ１Ｆ,3,0x1BBE|0x1BC0|0x1BC1,7102|7104|7105,8262
キサゴナいせき　Ｂ２Ｆ,1,0x1BBF,7103,8285
ルディアノ城,1,0x1C85,7301,8308
ルディアノ城　北西の塔,1,0x1C86,7302,8321
ルディアノ城　Ｂ１Ｆ,1,0x1C87,7303,8344
ルディアノ城　東の塔,1,0x1C88,7304,8365
ルディアノ城　西の塔,1,0x1C89,7305,8386
ルディアノ城　２Ｆ,1,0x1C8A,7306,8407
ルディアノ城　１Ｆ,1,0x1C8B,7307,8426
ふういんのほこら,1,0x1CE8,7400,8445
ふういんのほこら　１Ｆ,2,0x1CE9|0x1CEA,7401|7402,8462
ふういんのほこら　Ｂ１Ｆ,1,0x1CEB,7403,8485
海べのどうくつ,2,0x1DB1|0x1DB5,7601|7605,8510
海べのどうくつ　１Ｆ,2,0x1DB2|0x1DB3,7602|7603,8525
海べのどうくつ　２Ｆ,1,0x1DB4,7604,8546
ビタリ山,1,0x1E14,7700,8567
ビタリ山　１Ｆ,1,0x1E15,7701,8576
ビタリ山　２Ｆ,1,0x1E16,7702,8591
ビタリ山　３Ｆ,1,0x1E17,7703,8606
ビタリ山　４Ｆ,1,0x1E18,7704,8621
ビタリ山　５Ｆ,1,0x1E19,7705,8636
ビタリ山　６Ｆ,2,0x1E1A|0x1E1C,7706|7708,8651
ビタリ山　７Ｆ,2,0x1E1B|0x1E1D,7707|7709,8666
グビアナ地下すいどう　Ｂ１Ｆ,4,0x1E7A|0x1E7B|0x1E7C|0x1E7F,7802|7803|7804|7807,8681
グビアナ地下すいどう　Ｂ２Ｆ,2,0x1E7D|0x1E80,7805|7808,8710
グビアナ地下すいどう　Ｂ３Ｆ,2,0x1E7E|0x1E81,7806|7809,8739
サンマロウ北のどうくつ,1,0x1EDC,7900,8768
サンマロウ北のどうくつ　１Ｆ,3,0x1EDD|0x1EDE|0x1EDF,7901|7902|7903,8791
サンマロウ北のどうくつＢ１Ｆ,1,0x1EE0,7904,8820
サンマロウ北のどうくつＢ２Ｆ,2,0x1EE1|0x1EE2,7905|7906,8849
カズチャ村,5,0x2009|0x200A|0x200C|0x200D|0x200E,8201|8202|8204|8205|8206,8878
カズチャ村　Ｂ１Ｆ,1,0x200B,8203,8889
カズチャ村　地下つうろ,1,0x200F,8207,8908
カズチャ村　地下のいずみ,1,0x2010,8208,8931
エルシオン地下こうしゃＢ１Ｆ,1,0x206D,8301,8956
エルシオン地下こうしゃＢ２Ｆ,2,0x206E|0x206F,8302|8303,8985
魔獣のどうくつ,1,0x20D0,8400,9014
魔獣のどうくつ　１Ｆ,2,0x20D1|0x20D3,8401|8403,9029
魔獣のどうくつ　Ｂ１Ｆ,1,0x20D2,8402,9050
魔獣のどうくつ　Ｂ２Ｆ,1,0x20D4,8404,9073
魔獣のどうくつ　Ｂ３Ｆ,1,0x20D5,8405,9096
魔獣のどうくつ　Ｂ４Ｆ,2,0x20D6|0x20D7,8406|8407,9119
ドミールかざん　１Ｆ,2,0x219A|0x219B,8602|8603,9142
ドミールかざん　２Ｆ,1,0x219C,8604,9163
ドミールかざん　３Ｆ,3,0x219D|0x219E|0x219F,8605|8606|8607,9184
ドミールかざん　４Ｆ,1,0x21A0,8608,9205
ドミールかざん　５Ｆ,2,0x21A1|0x21A2,8609|8610,9226
ドミールかざん　６Ｆ,1,0x21A3,8611,9247
ドミールかざん　ちょうじょう,1,0x21A4,8612,9268
グレイナルの家,1,0x21A5,8613,9297
とざされたろうごく　Ｂ１Ｆ,1,0x21FD,8701,9312
とざされたろうごく　Ｂ２Ｆ,1,0x21FE,8702,9339
とざされたろうごく　Ｂ３Ｆ,1,0x21FF,8703,9366
とざされたろうごく　Ｂ４Ｆ,1,0x2200,8704,9393
とざされたろうごく　Ｂ５Ｆ,1,0x2201,8705,9420
とざされたろうごく　Ｂ６Ｆ,1,0x2202,8706,9447
とざされたろうごく,1,0x2203,8707,9474
ダーマの塔,1,0x2328,9000,9493
ダーマの塔　１Ｆ,1,0x2329,9001,9504
ダーマの塔　２Ｆ,1,0x232A,9002,9521
ダーマの塔　３Ｆ,1,0x232B,9003,9538
ダーマの塔　４Ｆ,1,0x232C,9004,9555
ダーマの塔　５Ｆ,1,0x232D,9005,9572
ダーマの塔　６Ｆ,1,0x232E,9006,9589
ダーマの塔　７Ｆ,1,0x232F,9007,9606
ダーマの塔　？？？,1,0x2330,9008,9623
アルマの塔,2,0x238C|0x23EF,9100|9199,9642
アルマの塔　１Ｆ,1,0x238D,9101,9653
アルマの塔　２Ｆ,1,0x238E,9102,9670
アルマの塔　３Ｆ,1,0x238F,9103,9687
アルマの塔　４Ｆ,1,0x2390,9104,9704
アルマの塔　５Ｆ,2,0x2391|0x2392,9105|9106,9721
アルマの塔　６Ｆ,1,0x2393,9107,9738
アルマの塔　７Ｆ,1,0x2394,9108,9755
とうげのみち,2,0x13ED|0x13EE,5101|5102,9772
シュタインこ,1,0x1450,5200,9785
ひみつのいわば,1,0x157C,5500,9798
ゆうぼくみんのパオ,3,0x15E0|0x15E1|0x15E2,5600|5601|5602,9813
カデスのろうごく,2,0x1644|0x164B,5700|5707,9832
カデスのろうごく　ろうや,1,0x1645,5701,9849
カデスかんし塔　１Ｆ,1,0x1646,5702,9874
カデスかんし塔　２Ｆ,1,0x1647,5703,9895
カデスのろうごく　１Ｆ,1,0x1648,5704,9916
カデスのろうごく　２Ｆ,1,0x1649,5705,9939
カデスのろうごく　Ｂ１Ｆ,1,0x164A,5706,9962
ふね　かんぱん,1,0x170C,5900,9987
ふね　せんちょうしつ,1,0x170D,5901,10002
ふね　きゃくしつ,1,0x170E,5902,10023
ふね　そうこ,1,0x170F,5903,10040
てんのはこぶね　１りょうめ,1,0x1901,6401,10053
てんのはこぶね　２りょうめ,1,0x1902,6402,10080
てんのはこぶね　３りょうめ,1,0x1903,6403,10107
てんのはこぶね　？？？,1,0x1904,6404,10134
てんのはこぶね,2,0x1905|0x1AF5,6405|6901,10157
